<?xml version="1.0" encoding="UTF-8"?>
<project-private xmlns="http://www.netbeans.org/ns/project-private/1">
    <editor-bookmarks xmlns="http://www.netbeans.org/ns/editor-bookmarks/2" lastBookmarkId="0"/>
    <open-files xmlns="http://www.netbeans.org/ns/projectui-open-files/2">
        <group>
            <file>file:/C:/Users/LENOVO/OneDrive/Documents/NetBeansProjects/EcommerceSystem/src/ecommercesystem/BookProduct.java</file>
            <file>file:/C:/Users/LENOVO/OneDrive/Documents/NetBeansProjects/EcommerceSystem/src/ecommercesystem/EcommerceSystem.java</file>
            <file>file:/C:/Users/LENOVO/OneDrive/Documents/NetBeansProjects/EcommerceSystem/src/ecommercesystem/Cart.java</file>
            <file>file:/C:/Users/LENOVO/OneDrive/Documents/NetBeansProjects/EcommerceSystem/src/ecommercesystem/Customer.java</file>
            <file>file:/C:/Users/LENOVO/OneDrive/Documents/NetBeansProjects/EcommerceSystem/src/ecommercesystem/ElectronicProduct.java</file>
            <file>file:/C:/Users/LENOVO/OneDrive/Documents/NetBeansProjects/EcommerceSystem/src/ecommercesystem/ClothingProduct.java</file>
            <file>file:/C:/Users/LENOVO/OneDrive/Documents/NetBeansProjects/EcommerceSystem/src/ecommercesystem/Order.java</file>
            <file>file:/C:/Users/LENOVO/OneDrive/Documents/NetBeansProjects/EcommerceSystem/src/ecommercesystem/Product.java</file>
            <file>file:/C:/Users/LENOVO/OneDrive/Documents/NetBeansProjects/EcommerceSystem/src/EcommerrceGUI.java</file>
        </group>
    </open-files>
</project-private>
